Column1,주소,거리
147,경기도 의정부시 신흥로,31
683,서울특별시 광진구 광나루로56길,44
297,서울특별시 광진구 아차산로,46
40,서울특별시 노원구 공릉로,48
187,서울특별시 노원구 공릉로,48
95,서울특별시 광진구 천호대로,49
929,서울특별시 중랑구 신내역로3길,50
230,서울특별시 중구 남대문로9길,51
76,서울특별시 중구 남대문로,54
270,서울특별시 송파구 바람드리길,54
60,서울특별시 광진구 자양로,55
158,서울특별시 송파구 올림픽로,55
331,서울특별시 송파구 올림픽로,55
449,서울특별시 중구 수표동 ,55
12,서울특별시 광진구 광나루로36길,56
392,서울특별시 중구 명동길,56
352,서울특별시 중구 세종대로,57
677,서울특별시 종로구 경희궁길,57
702,서울특별시 종로구 삼봉로,57
149,서울특별시 동대문구 휘경로,58
315,서울특별시 강동구 천호대로,58
271,서울특별시 중구 한강대로,59
339,서울특별시 송파구 중대로,59
387,서울특별시 동대문구 천호대로,59
391,서울특별시 송파구 중대로,59
486,서울특별시 중구 퇴계로36나길,59
645,서울특별시 종로구 대학로,59
840,서울특별시 송파구 중대로,59
687,서울특별시 종로구 자하문로9길,60
33,서울특별시 성동구 광나루로8길,61
80,서울특별시 송파구 삼학사로,62
210,서울특별시 송파구 송파대로,62
234,서울특별시 중구 청계천로,62
252,서울특별시 송파구 송파대로,62
292,서울특별시 송파구 송파대로,62
329,서울특별시 송파구 위례성대로,62
408,서울특별시 송파구 송파대로,62
630,서울특별시 종로구 청계천로,62
661,서울특별시 성동구 왕십리로,62
685,서울특별시 성동구 왕십리로,62
689,서울특별시 성동구 왕십리로,62
711,서울특별시 종로구 청계천로,62
768,서울특별시 성동구 왕십리로,62
769,서울특별시 성동구 왕십리로,62
786,서울특별시 성동구 왕십리로,62
798,서울특별시 종로구 청계천로,62
829,서울특별시 성동구 왕십리로,62
843,서울특별시 성동구 아차산로,62
844,서울특별시 성동구 왕십리로,62
859,서울특별시 성동구 왕십리로,62
865,서울특별시 송파구 송파대로,62
875,서울특별시 성동구 왕십리로,62
892,서울특별시 성동구 왕십리로,62
900,서울특별시 중구 청계천로,62
913,서울특별시 종로구 청계천로,62
0,서울특별시 중구 퇴계로22길,63
6,서울특별시 성동구 성수이로22길,63
165,서울특별시 성동구 성수이로22길,63
257,서울특별시 성북구 안암로,63
272,서울특별시 성동구 연무장5가길,63
307,서울특별시 도봉구 우이천로39길,63
373,서울특별시 성동구 아차산로17길,63
393,서울특별시 성동구 아차산로17길,63
444,서울특별시 성동구 연무장5가길,63
448,서울특별시 성동구 아차산로17길,63
483,서울특별시 서대문구 충정로,63
484,서울특별시 성동구 성수일로8길,63
541,서울특별시 성동구 성수이로22길,63
557,서울특별시 성동구 성수일로8길,63
608,서울특별시 성동구 성수일로8길,63
733,서울특별시 성동구 아차산로17길,63
777,서울특별시 성동구 연무장5가길,63
839,서울특별시 성동구 아차산로17길,63
46,서울특별시 성북구 개운사2길,64
367,서울특별시 성동구 성수이로,64
386,서울특별시 성동구 광나루로,64
422,서울특별시 성동구 연무장5길,64
433,서울특별시 성동구 연무장5길,64
487,서울특별시 성동구 광나루로,64
622,서울특별시 성동구 성수이로,64
891,서울특별시 성동구 연무장5길,64
893,서울특별시 성동구 성수이로20길,64
910,서울특별시 성동구 성수이로20길,64
37,서울특별시 강남구 논현로,65
38,서울특별시 마포구 마포대로,65
61,서울특별시 성동구 성수일로,65
169,서울특별시 마포구 마포대로10길,65
182,서울특별시 성동구 성수일로,65
396,서울특별시 성동구 성수일로,65
416,서울특별시 마포구 마포대로,65
429,서울특별시 성동구 상원1길,65
509,서울특별시 강남구 논현로,65
561,서울특별시 마포구 마포대로,65
584,서울특별시 강남구 논현로,65
610,서울특별시 성동구 성수일로,65
658,서울특별시 송파구 석촌호수로,65
670,서울특별시 마포구 마포대로,65
710,서울특별시 마포구 마포대로,65
745,서울특별시 성동구 성수일로,65
790,서울특별시 성동구 상원1길,65
39,서울특별시 중구 마른내로,66
43,서울특별시 성동구 상원12길,66
70,서울특별시 성동구 아차산로9길,66
140,서울특별시 송파구 동남로9길,66
161,서울특별시 강남구 선릉로,66
200,서울특별시 송파구 오금로36길,66
221,서울특별시 강남구 선릉로,66
238,서울특별시 강남구 영동대로,66
275,서울특별시 성북구 서경로,66
293,서울특별시 강남구 선릉로,66
376,서울특별시 송파구 송파대로30길,66
462,서울특별시 강남구 논현로128길,66
545,서울특별시 강남구 영동대로,66
641,서울특별시 강남구 선릉로,66
719,서울특별시 강남구 영동대로,66
722,서울특별시 송파구 송이로19길,66
757,서울특별시 강남구 선릉로,66
887,서울특별시 강남구 영동대로,66
123,서울특별시 용산구 한남대로,67
129,서울특별시 성동구 뚝섬로1길,67
369,서울특별시 강남구 논현로133길,67
469,서울특별시 마포구 만리재로,67
540,서울특별시 강남구 논현로134길,67
639,서울특별시 용산구 한강대로,67
823,서울특별시 마포구 만리재로,67
902,서울특별시 송파구 법원로8길,67
903,서울특별시 용산구 한강대로,67
4,서울특별시 강남구 봉은사로,68
44,서울특별시 강남구 테헤란로,68
45,서울특별시 강남구 테헤란로,68
81,서울특별시 강남구 영동대로85길,68
87,서울특별시 강남구 테헤란로,68
89,서울특별시 강남구 테헤란로,68
94,서울특별시 강남구 테헤란로,68
106,서울특별시 강남구 강남대로132길,68
120,서울특별시 강남구 테헤란로,68
121,서울특별시 강남구 테헤란로,68
135,서울특별시 강남구 테헤란로,68
143,서울특별시 강남구 테헤란로,68
150,서울특별시 강남구 테헤란로,68
162,서울특별시 강남구 테헤란로,68
191,서울특별시 강남구 테헤란로,68
192,서울특별시 강남구 테헤란로,68
196,서울특별시 성동구 성수일로4길,68
204,서울특별시 강남구 영동대로85길,68
239,서울특별시 강남구 테헤란로,68
247,서울특별시 강남구 테헤란로,68
306,서울특별시 강남구 봉은사로,68
319,서울특별시 강남구 테헤란로,68
335,서울특별시 강남구 테헤란로,68
338,서울특별시 강남구 테헤란로,68
342,서울특별시 강남구 테헤란로,68
366,서울특별시 강남구 테헤란로,68
388,서울특별시 강남구 테헤란로,68
394,서울특별시 중구 퇴계로36길,68
412,서울특별시 강남구 테헤란로,68
418,서울특별시 강남구 테헤란로,68
428,서울특별시 중구 통일로,68
446,서울특별시 강남구 테헤란로,68
452,서울특별시 강남구 테헤란로,68
455,서울특별시 강남구 봉은사로,68
467,서울특별시 강남구 테헤란로,68
474,서울특별시 강남구 학동로5길,68
477,서울특별시 강남구 테헤란로,68
488,서울특별시 강남구 테헤란로,68
497,서울특별시 강남구 테헤란로,68
501,서울특별시 강남구 테헤란로,68
520,서울특별시 강남구 테헤란로,68
524,서울특별시 강남구 테헤란로,68
536,서울특별시 강남구 테헤란로,68
594,서울특별시 강남구 테헤란로,68
613,서울특별시 강남구 테헤란로,68
626,서울특별시 강남구 테헤란로,68
633,서울특별시 중구 통일로,68
634,서울특별시 강남구 테헤란로,68
636,서울특별시 강남구 논현로131길,68
649,서울특별시 성동구 성수일로4길,68
651,서울특별시 강남구 테헤란로,68
660,서울특별시 강남구 테헤란로,68
662,서울특별시 강남구 봉은사로,68
671,서울특별시 강남구 테헤란로,68
707,서울특별시 성동구 성수일로4길,68
746,서울특별시 강남구 테헤란로,68
750,서울특별시 성동구 성수동2가 ,68
754,서울특별시 강남구 테헤란로,68
787,서울특별시 강남구 테헤란로,68
807,서울특별시 강남구 테헤란로,68
812,서울특별시 강남구 테헤란로,68
830,서울특별시 강남구 테헤란로,68
862,서울특별시 중구 퇴계로36길,68
866,서울특별시 중구 통일로,68
871,서울특별시 강남구 테헤란로,68
885,서울특별시 강남구 테헤란로,68
905,서울특별시 강남구 테헤란로,68
931,서울특별시 강남구 테헤란로,68
935,서울특별시 강남구 봉은사로,68
34,서울특별시 강남구 도산대로,69
49,서울특별시 강남구 언주로135길,69
124,서울특별시 강남구 도산대로,69
175,경기도 하남시 덕풍북로,69
180,서울특별시 강남구 도산대로,69
183,서울특별시 마포구 백범로31길,69
245,서울특별시 중구 퇴계로,69
332,서울특별시 강남구 학동로7길,69
374,서울특별시 강남구 학동로7길,69
485,서울특별시 용산구 청파로,69
496,서울특별시 중구 퇴계로,69
526,서울특별시 중구 퇴계로,69
527,서울특별시 강남구 언주로135길,69
538,서울특별시 강남구 도산대로,69
612,서울특별시 강남구 도산대로,69
638,서울특별시 중구 퇴계로,69
752,서울특별시 강남구 강남대로136길,69
827,서울특별시 강남구 학동로7길,69
855,서울특별시 용산구 청파로47길,69
877,서울특별시 마포구 백범로31길,69
127,서울특별시 강남구 논현로140길,70
159,서울특별시 강남구 도곡로,70
167,서울특별시 강남구 선릉로93길,70
189,서울특별시 용산구 원효로90길,70
197,서울특별시 강남구 남부순환로,70
296,서울특별시 강남구 도산대로28길,70
379,서울특별시 종로구 창경궁로21길,70
476,서울특별시 강남구 도곡로,70
493,서울특별시 강남구 선릉로93길,70
667,서울특별시 강남구 논현로140길,70
727,서울특별시 강남구 도산대로100길,70
736,서울특별시 서초구 강남대로79길,70
796,서울특별시 강남구 선릉로93길,70
816,서울특별시 서초구 신반포로47길,70
941,서울특별시 강남구 도곡로,70
67,서울특별시 강남구 학동로20길,71
217,서울특별시 강남구 테헤란로88길,71
280,서울특별시 강남구 테헤란로78길,71
464,서울특별시 강남구 논현로111길,71
466,서울특별시 송파구 법원로11길,71
503,서울특별시 강남구 선릉로100길,71
566,서울특별시 중구 마장로,71
607,서울특별시 송파구 법원로,71
618,서울특별시 강남구 선릉로112길,71
632,서울특별시 강남구 테헤란로83길,71
653,서울특별시 강남구 테헤란로55길,71
663,서울특별시 송파구 법원로,71
691,서울특별시 강남구 테헤란로78길,71
763,서울특별시 송파구 법원로,71
784,서울특별시 강남구 테헤란로83길,71
815,서울특별시 강남구 테헤란로83길,71
833,서울특별시 강남구 봉은사로47길,71
846,서울특별시 강남구 테헤란로83길,71
27,서울특별시 강남구 삼성로104길,72
54,서울특별시 서대문구 연세로,72
138,경기도 하남시 조정대로,72
184,서울특별시 서대문구 연세로,72
314,서울특별시 강남구 삼성로85길,72
511,서울특별시 강남구 테헤란로86길,72
583,경기도 하남시 조정대로,72
672,서울특별시 강남구 강남대로124길,72
731,서울특별시 마포구 삼개로,72
907,경기도 하남시 조정대로,72
1,서울특별시 강남구 테헤란로79길,73
73,서울특별시 강남구 언주로,73
104,서울특별시 강남구 테헤란로20길,73
156,서울특별시 서초구 서초중앙로,73
188,서울특별시 중구 중림로,73
211,서울특별시 강남구 언주로,73
212,서울특별시 서초구 서초중앙로,73
368,서울특별시 강남구 봉은사로26길,73
399,서울특별시 강남구 언주로,73
404,서울특별시 강남구 언주로,73
440,서울특별시 강남구 언주로,73
470,서울특별시 강남구 논현로114길,73
473,서울특별시 서초구 방배로,73
502,서울특별시 강남구 테헤란로84길,73
517,서울특별시 강남구 논현로81길,73
537,서울특별시 강남구 삼성로95길,73
547,서울특별시 서초구 서초중앙로,73
554,서울특별시 서초구 서초중앙로,73
575,서울특별시 강남구 테헤란로79길,73
614,서울특별시 강남구 언주로,73
635,서울특별시 강남구 테헤란로79길,73
637,서울특별시 중구 삼일대로,73
643,서울특별시 강남구 논현로85길,73
644,서울특별시 강남구 논현로85길,73
680,서울특별시 강남구 테헤란로20길,73
794,서울특별시 용산구 서빙고로,73
803,서울특별시 강남구 테헤란로20길,73
857,서울특별시 강남구 언주로,73
864,서울특별시 강남구 테헤란로20길,73
868,서울특별시 강남구 언주로,73
886,서울특별시 강남구 논현로81길,73
936,서울특별시 강남구 테헤란로79길,73
938,서울특별시 마포구 마포대로4라길,73
18,서울특별시 강남구 역삼로,74
25,서울특별시 강남구 테헤란로43길,74
31,서울특별시 강남구 봉은사로68길,74
90,서울특별시 강남구 봉은사로114길,74
101,서울특별시 강남구 역삼로,74
113,서울특별시 강남구 테헤란로82길,74
219,서울특별시 강남구 테헤란로77길,74
265,서울특별시 강남구 자곡로,74
397,서울특별시 강남구 테헤란로33길,74
495,서울특별시 강남구 역삼로,74
510,서울특별시 서초구 신반포로,74
513,서울특별시 강남구 역삼로,74
516,서울특별시 강남구 역삼로,74
521,서울특별시 강남구 역삼로,74
546,서울특별시 서초구 강남대로99길,74
552,서울특별시 강남구 봉은사로109길,74
564,서울특별시 강남구 봉은사로86길,74
591,서울특별시 서대문구 북아현로,74
669,서울특별시 강남구 역삼로,74
693,서울특별시 강남구 테헤란로77길,74
749,서울특별시 강남구 테헤란로82길,74
771,서울특별시 강남구 삼성로,74
778,서울특별시 강남구 삼성로,74
821,서울특별시 서초구 방배로22길,74
832,서울특별시 강남구 자곡로,74
848,서울특별시 강남구 테헤란로87길,74
856,서울특별시 강남구 테헤란로87길,74
860,서울특별시 강남구 삼성로,74
882,서울특별시 강남구 테헤란로77길,74
922,서울특별시 강남구 역삼로,74
937,서울특별시 강남구 역삼로,74
22,서울특별시 강남구 논현로79길,75
168,서울특별시 서초구 반포대로,75
348,서울특별시 강남구 봉은사로108길,75
361,서울특별시 서초구 반포대로,75
362,서울특별시 서초구 반포대로,75
450,서울특별시 강남구 테헤란로2길,75
480,서울특별시 강남구 테헤란로2길,75
623,서울특별시 서초구 서초대로22길,75
725,서울특별시 강남구 논현로149길,75
748,서울특별시 강남구 논현로80길,75
826,서울특별시 강남구 테헤란로32길,75
9,서울특별시 강남구 강남대로84길,76
63,서울특별시 강남구 봉은사로20길,76
86,서울특별시 서초구 서초중앙로22길,76
128,서울특별시 마포구 월드컵북로1길,76
249,서울특별시 강남구 논현로102길,76
302,서울특별시 종로구 창경궁로,76
514,서울특별시 강남구 테헤란로4길,76
560,서울특별시 서초구 강남대로101길,76
615,서울특별시 강남구 테헤란로4길,76
621,서울특별시 강남구 테헤란로4길,76
629,서울특별시 강남구 테헤란로4길,76
738,서울특별시 서초구 서초대로52길,76
739,서울특별시 강남구 역삼로17길,76
791,경기도 하남시 미사대로,76
797,서울특별시 강남구 강남대로94길,76
818,서울특별시 용산구 유엔빌리지길,76
845,서울특별시 서초구 서초대로78길,76
873,서울특별시 강남구 테헤란로4길,76
881,서울특별시 강남구 테헤란로4길,76
940,경기도 성남시 수정구 성남대로,76
14,서울특별시 서초구 강남대로,77
48,서울특별시 서초구 강남대로,77
74,서울특별시 서초구 서초대로38길,77
112,서울특별시 강남구 대치동 ,77
125,서울특별시 강남구 언주로81길,77
131,서울특별시 서초구 강남대로,77
132,서울특별시 서초구 서초대로38길,77
134,서울특별시 서초구 강남대로,77
139,서울특별시 서초구 강남대로,77
176,서울특별시 서초구 강남대로,77
201,서울특별시 서초구 서초대로77길,77
202,서울특별시 서초구 강남대로,77
213,서울특별시 마포구 홍익로,77
268,서울특별시 서초구 강남대로,77
278,서울특별시 서초구 나루터로,77
279,서울특별시 영등포구 국제금융로2길,77
287,서울특별시 서초구 서초대로77길,77
317,서울특별시 강남구 강남대로,77
327,서울특별시 서초구 강남대로,77
343,서울특별시 서초구 강남대로,77
378,서울특별시 영등포구 국제금융로2길,77
410,서울특별시 강남구 강남대로112길,77
447,서울특별시 서초구 서초대로38길,77
465,경기도 성남시 중원구 양현로,77
475,서울특별시 강남구 강남대로,77
558,서울특별시 강남구 강남대로,77
563,서울특별시 서초구 강남대로,77
572,서울특별시 강남구 대치동 ,77
611,서울특별시 서초구 강남대로,77
657,서울특별시 강남구 강남대로,77
659,서울특별시 서초구 서초대로38길,77
706,경기도 성남시 분당구 성남대로916번길,77
793,서울특별시 강남구 강남대로,77
800,서울특별시 서초구 강남대로,77
804,서울특별시 서초구 강남대로,77
811,서울특별시 강남구 강남대로,77
867,서울특별시 강남구 대치동 ,77
880,서울특별시 서초구 서초대로77길,77
906,서울특별시 영등포구 여의공원로,77
908,서울특별시 서초구 도구로16길,77
924,서울특별시 영등포구 여의공원로,77
926,서울특별시 서초구 서초대로77길,77
939,서울특별시 서초구 법원로1길,77
942,서울특별시 서초구 강남대로,77
53,서울특별시 강남구 테헤란로8길,78
75,서울특별시 서초구 반포대로28길,78
88,서울특별시 강남구 논현로75길,78
108,서울특별시 서초구 서초대로74길,78
206,서울특별시 강남구 양재천로,78
284,서울특별시 강남구 테헤란로38길,78
430,서울특별시 서초구 서초대로,78
479,서울특별시 서초구 효령로29길,78
492,서울특별시 강남구 테헤란로8길,78
519,서울특별시 서초구 서초대로,78
528,서울특별시 서초구 서초대로74길,78
533,서울특별시 서초구 서초대로74길,78
569,서울특별시 강남구 테헤란로8길,78
715,경기도 성남시 분당구 황새울로360번길,78
735,서울특별시 서초구 서초대로,78
737,서울특별시 서초구 강남대로53길,78
751,서울특별시 서초구 서초대로,78
770,서울특별시 서초구 서초대로,78
774,서울특별시 서초구 서초대로74길,78
785,서울특별시 서초구 서초대로,78
801,서울특별시 서초구 강남대로51길,78
806,서울특별시 서초구 주흥3길,78
822,서울특별시 서초구 서초대로,78
835,서울특별시 서초구 반포대로28길,78
917,서울특별시 마포구 새창로,78
8,서울특별시 서초구 반포대로26길,79
151,서울특별시 서초구 반포대로22길,79
255,서울특별시 서초구 남부순환로350길,79
286,경기도 성남시 분당구 장미로,79
601,서울특별시 강남구 역삼로1길,79
789,서울특별시 강남구 논현로71길,79
802,서울특별시 영등포구 여의나루로,79
810,서울특별시 마포구 월드컵북로4길,79
834,서울특별시 강남구 논현로71길,79
62,서울특별시 영등포구 의사당대로,80
114,서울특별시 마포구 양화로,80
186,서울특별시 마포구 동교로,80
222,서울특별시 마포구 양화로,80
244,서울특별시 서초구 방배로31길,80
248,서울특별시 서초구 동광로12길,80
254,서울특별시 영등포구 의사당대로,80
274,서울특별시 서초구 효령로77길,80
276,서울특별시 영등포구 은행로,80
298,서울특별시 마포구 동교로,80
336,서울특별시 영등포구 의사당대로,80
371,서울특별시 마포구 양화로,80
420,서울특별시 영등포구 의사당대로,80
463,서울특별시 강남구 논현로67길,80
478,서울특별시 영등포구 의사당대로,80
597,서울특별시 서대문구 간호대로3길,80
744,서울특별시 영등포구 은행로,80
772,서울특별시 강남구 역삼로3길,80
775,서울특별시 서초구 효령로77길,80
852,서울특별시 영등포구 의사당대로,80
909,서울특별시 영등포구 의사당대로,80
918,서울특별시 영등포구 의사당대로,80
133,서울특별시 서초구 효령로,81
441,서울특별시 서초구 사임당로,81
534,서울특별시 마포구 월드컵북로6길,81
646,서울특별시 서초구 효령로,81
650,서울특별시 마포구 독막로,81
694,서울특별시 서초구 효령로,81
760,서울특별시 서초구 효령로53길,81
766,서울특별시 마포구 독막로,81
876,서울특별시 마포구 양화로7길,81
72,서울특별시 강남구 역삼로7길,82
82,서울특별시 서초구 동광로,82
105,서울특별시 강남구 역삼동 ,82
285,서울특별시 강남구 역삼동 ,82
300,서울특별시 영등포구 여의대방로69길,82
559,서울특별시 강남구 봉은사로18길,82
617,서울특별시 마포구 양화로12길,82
686,서울특별시 강남구 봉은사로18길,82
688,서울특별시 서초구 명달로,82
764,서울특별시 마포구 성지길,82
817,서울특별시 강남구 역삼동 ,82
921,서울특별시 마포구 잔다리로,82
507,서울특별시 서초구 바우뫼로37길,83
721,서울특별시 서초구 방배천로2길,83
732,서울특별시 서초구 남부순환로,83
743,서울특별시 서초구 강남대로18길,83
761,서울특별시 강남구 논현로28길,83
7,서울특별시 영등포구 여의대방로65길,84
15,서울특별시 서초구 남부순환로347길,84
20,서울특별시 마포구 동교로12안길,84
289,경기도 성남시 분당구 서현로180번길,84
531,경기도 성남시 분당구 성남대로,84
664,경기도 성남시 분당구 성남대로,84
708,경기도 성남시 분당구 황새울로214번길,84
813,서울특별시 마포구 동교로19길,84
11,경기도 성남시 분당구 판교로,85
185,경기도 성남시 분당구 판교로,85
214,경기도 성남시 수정구 대왕판교로,85
229,서울특별시 서초구 바우뫼로,85
246,경기도 성남시 분당구 판교로,85
273,경기도 성남시 분당구 판교로,85
310,경기도 성남시 수정구 대왕판교로,85
325,경기도 성남시 수정구 대왕판교로,85
337,경기도 성남시 분당구 판교로,85
383,서울특별시 영등포구 여의대로,85
414,서울특별시 서초구 바우뫼로,85
539,서울특별시 영등포구 여의대로,85
549,경기도 성남시 중원구 둔촌대로,85
627,경기도 성남시 수정구 대왕판교로,85
666,서울특별시 영등포구 여의대로,85
682,경기도 성남시 분당구 판교로,85
701,경기도 성남시 수정구 대왕판교로,85
730,경기도 성남시 분당구 판교로,85
773,서울특별시 영등포구 여의대로,85
808,서울특별시 마포구 서교동 ,85
836,서울특별시 영등포구 여의대로,85
837,서울특별시 영등포구 국제금융로,85
928,서울특별시 서초구 양재천로9길,85
179,경기도 성남시 분당구 분당로,86
253,서울특별시 관악구 남부순환로,86
256,서울특별시 관악구 남부순환로,86
277,서울특별시 서초구 양재천로21길,86
364,서울특별시 서초구 마방로4길,86
419,서울특별시 관악구 남부순환로,86
490,경기도 고양시 덕양구 통일로,86
512,서울특별시 관악구 남부순환로,86
590,서울특별시 마포구 성미산로,86
712,서울특별시 관악구 남부순환로,86
728,서울특별시 마포구 월드컵로10길,86
762,경기도 성남시 분당구 벌말로50번길,86
814,서울특별시 관악구 남부순환로,86
824,서울특별시 서초구 논현로79길,86
838,서울특별시 관악구 남부순환로,86
872,서울특별시 관악구 남부순환로,86
889,서울특별시 서초구 논현로17길,86
927,서울특별시 관악구 남부순환로,86
19,서울특별시 영등포구 여의나루로4길,87
322,경기도 성남시 분당구 성남대로331번길,87
439,경기도 성남시 분당구 판교역로146번길,87
668,서울특별시 서초구 매헌로16길,87
842,경기도 성남시 수정구 고등로,87
5,경기도 성남시 분당구 분당내곡로,88
142,경기도 성남시 분당구 분당내곡로,88
163,서울특별시 마포구 월드컵북로,88
164,서울특별시 관악구 관악로,88
223,서울특별시 영등포구 경인로,88
235,서울특별시 서초구 매헌로,88
262,서울특별시 마포구 월드컵북로,88
359,서울특별시 영등포구 경인로,88
381,서울특별시 관악구 관악로,88
407,경기도 성남시 중원구 사기막골로,88
409,서울특별시 영등포구 경인로,88
456,서울특별시 서초구 매헌로,88
482,서울특별시 마포구 토정로,88
500,서울특별시 마포구 월드컵북로,88
518,서울특별시 관악구 관악로,88
523,서울특별시 마포구 토정로,88
600,서울특별시 마포구 토정로,88
616,서울특별시 마포구 월드컵북로,88
642,서울특별시 관악구 관악로,88
696,서울특별시 마포구 월드컵북로,88
717,서울특별시 영등포구 당산로,88
720,서울특별시 영등포구 경인로,88
758,서울특별시 마포구 월드컵북로,88
841,서울특별시 관악구 관악로,88
901,서울특별시 영등포구 양평로22길,88
68,서울특별시 마포구 성암로,89
100,경기도 성남시 분당구 삼평동 ,89
172,서울특별시 마포구 성암로,89
232,서울특별시 영등포구 양산로,89
402,경기도 성남시 분당구 삼평동 ,89
426,서울특별시 마포구 성암로,89
489,서울특별시 마포구 성암로,89
532,서울특별시 마포구 성암로,89
648,서울특별시 관악구 남부순환로218길,89
779,서울특별시 마포구 성암로,89
863,서울특별시 마포구 성암로,89
883,서울특별시 마포구 성암로,89
250,서울특별시 서초구 매헌로8길,90
423,서울특별시 서초구 매헌로8길,90
747,경기도 성남시 분당구 서현로,90
28,경기도 성남시 분당구 백현로,91
29,경기도 성남시 분당구 판교역로,91
178,경기도 성남시 분당구 판교역로,91
318,경기도 성남시 분당구 판교역로,91
372,경기도 성남시 분당구 판교역로,91
551,경기도 성남시 분당구 판교역로,91
573,경기도 성남시 분당구 판교역로,91
654,서울특별시 마포구 토정로5길,91
911,경기도 성남시 분당구 백현로,91
914,경기도 성남시 분당구 판교역로,91
3,경기도 성남시 분당구 대왕판교로,92
303,서울특별시 영등포구 양평로21가길,92
385,경기도 성남시 분당구 대왕판교로,92
443,경기도 성남시 분당구 대왕판교로,92
505,경기도 성남시 분당구 대왕판교로,92
530,경기도 성남시 분당구 대왕판교로,92
570,경기도 성남시 분당구 대왕판교로,92
580,경기도 성남시 분당구 판교역로192번길,92
755,경기도 성남시 분당구 대왕판교로,92
776,경기도 성남시 분당구 대왕판교로,92
792,경기도 성남시 분당구 대왕판교로,92
904,경기도 성남시 분당구 대왕판교로,92
920,서울특별시 영등포구 선유로49길,92
21,서울특별시 영등포구 국회대로54길,93
103,경기도 성남시 분당구 대왕판교로644번길,93
334,경기도 성남시 분당구 대왕판교로644번길,93
380,경기도 성남시 분당구 대왕판교로644번길,93
461,서울특별시 영등포구 당산로41길,93
468,경기도 성남시 분당구 느티로51번길,93
565,서울특별시 영등포구 당산로41길,93
585,경기도 성남시 분당구 대왕판교로644번길,93
592,경기도 성남시 분당구 대왕판교로644번길,93
713,서울특별시 영등포구 당산로41길,93
69,경기도 성남시 수정구 창업로,94
236,경기도 성남시 수정구 창업로,94
283,경기도 성남시 수정구 창업로,94
324,경기도 성남시 수정구 창업로,94
354,경기도 성남시 수정구 창업로,94
498,경기도 성남시 수정구 창업로,94
506,경기도 성남시 수정구 창업로,94
544,서울특별시 관악구 봉천로,94
588,서울특별시 관악구 봉천로,94
598,경기도 성남시 수정구 창업로,94
781,경기도 성남시 분당구 정자일로,94
799,서울특별시 관악구 봉천로,94
874,경기도 성남시 수정구 창업로,94
888,경기도 성남시 수정구 창업로,94
934,경기도 과천시 별양상가2로,94
144,서울특별시 영등포구 양평로21길,95
267,서울특별시 마포구 매봉산로,95
291,서울특별시 영등포구 양평로21길,95
656,서울특별시 마포구 매봉산로,95
828,서울특별시 마포구 매봉산로,95
831,서울특별시 마포구 매봉산로,95
96,경기도 안양시 동안구 시민대로,96
111,경기도 성남시 분당구 판교로289번길,96
228,경기도 안양시 동안구 시민대로,96
301,경기도 안양시 동안구 시민대로,96
347,경기도 안양시 동안구 시민대로,96
350,경기도 안양시 동안구 시민대로248번길,96
365,서울특별시 영등포구 가산디지털1로,96
401,경기도 안양시 동안구 시민대로248번길,96
542,경기도 안양시 동안구 시민대로248번길,96
624,경기도 안양시 동안구 시민대로248번길,96
756,경기도 안양시 동안구 시민대로248번길,96
919,경기도 안양시 동안구 시민대로,96
36,서울특별시 영등포구 영신로,97
173,서울특별시 영등포구 영신로,97
269,서울특별시 영등포구 영신로,97
442,서울특별시 영등포구 영신로,97
472,경기도 성남시 분당구 판교역로14번길,97
697,서울특별시 서대문구 증가로29길,97
741,서울특별시 영등포구 영신로,97
782,서울특별시 양천구 오목로,97
879,서울특별시 금천구 디지털로9길,97
218,경기도 용인시 수지구 신수로,98
243,경기도 성남시 분당구 판교로256번길,98
305,경기도 성남시 수정구 청계산로,98
491,경기도 성남시 분당구 대왕판교로645번길,98
515,경기도 부천시 부일로233번길,98
578,경기도 용인시 수지구 신수로,98
579,경기도 성남시 분당구 대왕판교로645번길,98
587,경기도 성남시 분당구 대왕판교로645번길,98
593,경기도 성남시 분당구 대왕판교로645번길,98
704,경기도 용인시 수지구 신수로,98
742,경기도 용인시 수지구 신수로,98
783,경기도 성남시 분당구 판교로256번길,98
92,서울특별시 강서구 화곡로,99
152,서울특별시 영등포구 선유로,99
263,서울특별시 영등포구 선유로,99
294,서울특별시 영등포구 선유로,99
363,서울특별시 영등포구 선유로,99
398,서울특별시 영등포구 선유로,99
403,경기도 성남시 분당구 판교로255번길,99
434,서울특별시 강서구 화곡로,99
445,서울특별시 영등포구 선유로,99
692,경기도 성남시 분당구 판교로255번길,99
726,경기도 성남시 분당구 판교로255번길,99
740,경기도 성남시 분당구 판교로255번길,99
765,경기도 성남시 분당구 판교로255번길,99
847,서울특별시 구로구 디지털로27길,99
99,경기도 성남시 분당구 판교로228번길,100
171,서울특별시 구로구 디지털로31길,100
177,서울특별시 구로구 디지털로31길,100
288,서울특별시 금천구 디지털로9길,100
290,서울특별시 금천구 디지털로9길,100
357,서울특별시 금천구 디지털로9길,100
377,서울특별시 금천구 디지털로9길,100
389,서울특별시 구로구 디지털로31길,100
424,경기도 성남시 분당구 판교로228번길,100
432,경기도 고양시 덕양구 충장로,100
481,서울특별시 구로구 디지털로31길,100
508,서울특별시 구로구 디지털로31길,100
595,경기도 성남시 분당구 판교로228번길,100
619,서울특별시 금천구 디지털로9길,100
620,서울특별시 금천구 디지털로9길,100
699,서울특별시 금천구 디지털로9길,100
724,서울특별시 구로구 디지털로31길,100
753,서울특별시 금천구 디지털로9길,100
795,서울특별시 구로구 디지털로31길,100
64,서울특별시 강서구 마곡중앙로,101
102,서울특별시 양천구 안양천로,101
690,서울특별시 양천구 안양천로,101
30,서울특별시 금천구 가산디지털2로,102
42,서울특별시 금천구 가산디지털1로,102
55,서울특별시 구로구 디지털로26길,102
83,서울특별시 금천구 가산디지털1로,102
98,서울특별시 금천구 가산디지털1로,102
109,서울특별시 구로구 디지털로34길,102
115,서울특별시 금천구 가산디지털2로,102
118,서울특별시 구로구 디지털로27가길,102
126,서울특별시 금천구 디지털로,102
145,서울특별시 금천구 가산디지털2로,102
146,서울특별시 금천구 가산디지털1로,102
148,서울특별시 금천구 가산디지털1로,102
157,서울특별시 금천구 가산디지털1로,102
160,서울특별시 금천구 디지털로,102
174,서울특별시 금천구 가산디지털1로,102
181,서울특별시 금천구 가산디지털2로,102
198,서울특별시 구로구 디지털로26길,102
199,서울특별시 금천구 가산디지털1로,102
207,서울특별시 금천구 가산디지털1로,102
209,서울특별시 구로구 가마산로25길,102
215,서울특별시 금천구 가산디지털1로,102
224,서울특별시 구로구 디지털로34길,102
227,서울특별시 금천구 가산디지털2로,102
233,서울특별시 구로구 디지털로34길,102
240,서울특별시 금천구 가산디지털1로,102
242,서울특별시 금천구 가산디지털1로,102
251,서울특별시 금천구 가산디지털1로,102
261,서울특별시 금천구 가산디지털1로,102
304,서울특별시 금천구 가산디지털1로,102
309,서울특별시 금천구 가산디지털1로,102
312,서울특별시 금천구 가산디지털1로,102
333,서울특별시 구로구 디지털로34길,102
340,서울특별시 금천구 가산디지털2로,102
346,서울특별시 금천구 디지털로,102
351,서울특별시 구로구 디지털로34길,102
355,서울특별시 구로구 디지털로26길,102
356,서울특별시 금천구 가산디지털1로,102
358,서울특별시 금천구 가산디지털1로,102
360,서울특별시 금천구 가산디지털2로,102
375,서울특별시 금천구 가산디지털2로,102
382,서울특별시 영등포구 도신로15라길,102
384,서울특별시 금천구 가산디지털1로,102
390,서울특별시 금천구 가산디지털1로,102
400,서울특별시 금천구 가산디지털1로,102
413,서울특별시 금천구 가산디지털2로,102
425,서울특별시 금천구 가산디지털1로,102
427,서울특별시 금천구 가산디지털1로,102
436,서울특별시 금천구 가산디지털1로,102
438,서울특별시 금천구 가산디지털1로,102
454,서울특별시 구로구 디지털로26길,102
499,서울특별시 금천구 가산디지털1로,102
522,서울특별시 구로구 디지털로26길,102
543,서울특별시 금천구 가산디지털1로,102
553,서울특별시 금천구 가산디지털1로,102
555,서울특별시 금천구 가산디지털1로,102
567,서울특별시 금천구 가산디지털1로,102
574,서울특별시 금천구 가산디지털1로,102
576,서울특별시 구로구 디지털로34길,102
581,서울특별시 금천구 가산디지털1로,102
582,서울특별시 금천구 가산디지털1로,102
602,서울특별시 금천구 가산디지털2로,102
628,서울특별시 금천구 가산디지털1로,102
665,서울특별시 금천구 가산디지털1로,102
681,서울특별시 구로구 디지털로34길,102
698,서울특별시 금천구 가산디지털1로,102
700,서울특별시 금천구 가산디지털1로,102
788,서울특별시 금천구 가산디지털2로,102
809,서울특별시 금천구 가산디지털1로,102
819,서울특별시 금천구 가산디지털1로,102
820,서울특별시 금천구 가산디지털1로,102
849,서울특별시 금천구 가산디지털1로,102
850,서울특별시 금천구 가산디지털1로,102
851,서울특별시 금천구 가산디지털2로,102
853,서울특별시 금천구 디지털로,102
854,서울특별시 금천구 가산디지털2로,102
896,서울특별시 금천구 가산디지털1로,102
898,서울특별시 구로구 디지털로26길,102
912,경기도 군포시 고산로148번길,102
923,서울특별시 금천구 가산디지털2로,102
925,서울특별시 금천구 디지털로,102
930,서울특별시 구로구 디지털로26길,102
58,서울특별시 금천구 가마산로,103
281,서울특별시 금천구 벚꽃로,103
586,서울특별시 금천구 벚꽃로,103
858,서울특별시 강서구 화곡로68길,103
899,서울특별시 금천구 가마산로,103
77,서울특별시 금천구 범안로,104
137,서울특별시 구로구 디지털로,104
226,서울특별시 구로구 디지털로,104
259,서울특별시 구로구 디지털로,104
295,서울특별시 구로구 디지털로,104
308,서울특별시 구로구 디지털로29길,104
313,서울특별시 구로구 디지털로,104
320,서울특별시 구로구 디지털로,104
321,서울특별시 구로구 디지털로,104
395,서울특별시 구로구 디지털로,104
459,서울특별시 구로구 디지털로,104
596,서울특별시 구로구 디지털로,104
599,서울특별시 구로구 디지털로,104
631,경기도 안양시 동안구 벌말로,104
640,서울특별시 구로구 디지털로,104
674,서울특별시 구로구 디지털로,104
675,서울특별시 구로구 디지털로,104
678,서울특별시 구로구 디지털로,104
679,서울특별시 구로구 디지털로,104
718,서울특별시 금천구 가산동 ,104
933,서울특별시 구로구 디지털로29길,104
10,서울특별시 구로구 디지털로33길,105
23,서울특별시 구로구 디지털로33길,105
26,경기도 안양시 동안구 부림로170번길,105
35,서울특별시 금천구 두산로,105
59,서울특별시 구로구 디지털로33길,105
71,서울특별시 구로구 디지털로33길,105
84,경기도 안양시 동안구 부림로170번길,105
110,서울특별시 구로구 디지털로33길,105
316,서울특별시 구로구 디지털로33길,105
323,서울특별시 구로구 디지털로33길,105
625,서울특별시 구로구 디지털로33길,105
705,서울특별시 강서구 강서로,105
153,서울특별시 구로구 디지털로30길,106
155,경기도 군포시 고산로,106
166,서울특별시 구로구 디지털로30길,106
548,서울특별시 구로구 경인로53길,106
577,경기도 안양시 동안구 시민대로327번길,106
589,경기도 안양시 동안구 시민대로327번길,106
605,경기도 안양시 동안구 시민대로327번길,106
709,서울특별시 구로구 경인로53길,106
734,경기도 안양시 동안구 시민대로327번길,106
805,서울특별시 관악구 을지로,106
878,경기도 안양시 동안구 흥안대로,106
916,서울특별시 구로구 디지털로30길,106
66,서울특별시 강서구 마곡중앙6로,107
154,경기도 수원시 영통구 대학로,107
241,경기도 부천시 조마루로385번길,107
311,경기도 안양시 동안구 관악대로434번길,107
349,서울특별시 금천구 서부샛길,107
431,서울특별시 금천구 서부샛길,107
606,서울특별시 금천구 서부샛길,107
609,서울특별시 금천구 서부샛길,107
714,경기도 부천시 조마루로385번길,107
723,경기도 용인시 기흥구 기흥로,107
729,서울특별시 금천구 서부샛길,107
861,서울특별시 강서구 마곡중앙6로,107
17,경기도 고양시 덕양구 삼원로,108
57,인천광역시 부평구 평천로255번길,108
85,경기도 용인시 기흥구 흥덕중앙로,108
193,서울특별시 강서구 마곡중앙14로,108
216,경기도 수원시 영통구 대학4로,108
260,인천광역시 부평구 평천로255번길,108
299,서울특별시 강서구 마곡중앙8로,108
870,서울특별시 강서구 마곡중앙2로,108
78,서울특별시 강서구 양천로,109
170,경기도 안양시 동안구 학의로,109
264,서울특별시 강서구 양천로,109
282,서울특별시 강서구 양천로,109
341,서울특별시 강서구 양천로,109
453,경기도 부천시 부천로198번길,109
458,경기도 고양시 일산동구 태극로,109
471,경기도 안양시 동안구 학의로,109
673,경기도 안양시 동안구 학의로,109
825,서울특별시 강서구 양천로,109
884,경기도 안양시 동안구 학의로,109
258,경기도 의왕시 성고개로,110
435,서울특별시 강서구 마곡중앙8로7길,110
437,경기도 의왕시 오봉산단1로,110
897,경기도 안양시 동안구 전파로,111
932,경기도 안양시 만안구 전파로24번길,111
684,경기도 고양시 일산동구 백마로,112
237,경기도 용인시 기흥구 구성로,115
136,경기도 수원시 영통구 영통로,116
203,경기도 안산시 상록구 한양대학로,116
225,경기도 안양시 동안구 엘에스로116번길,116
266,경기도 수원시 영통구 광교중앙로248번길,116
603,경기도 군포시 공단로,116
190,경기도 고양시 일산동구 경의로,117
220,경기도 안양시 동안구 엘에스로91번길,117
328,경기도 고양시 일산동구 백석동 ,117
415,경기도 고양시 일산동구 경의로,117
457,인천광역시 부평구 경원대로1354번길,117
647,경기도 안양시 동안구 엘에스로91번길,117
41,경기도 수원시 영통구 신원로,118
326,경기도 수원시 영통구 신원로,118
494,경기도 용인시 기흥구 동백3로11번길,118
535,경기도 용인시 기흥구 흥덕1로,120
894,인천광역시 서구 염곡로464번길,120
504,인천광역시 남동구 선수촌공원로,121
780,경기도 고양시 일산동구 무궁화로,121
65,강원도 원주시 흥업면 한라대길,122
345,경기도 안산시 상록구 안산대학로,123
571,경기도 수원시 팔달구 경수대로446번길,125
525,강원도 춘천시 중앙로,126
655,경기도 수원시 팔달구 권선로,129
915,경기도 화성시 삼성1로4길,129
56,인천광역시 연수구 송도과학로,135
195,인천광역시 연수구 송도과학로,135
417,인천광역시 연수구 송도과학로,135
24,강원도 춘천시 동내면 춘천순환로,143
406,인천광역시 연수구 컨벤시아대로,146
716,인천광역시 서구 보듬로,146
208,경기도 김포시 김포한강10로133번길,150
405,경기도 용인시 처인구 유림로154번길,150
556,인천광역시 미추홀구 인하로,150
13,대전광역시 유성구 대학로,154
562,인천광역시 연수구 인천타워대로,154
568,경기도 안성시 서운면 서운로,155
130,경기도 화성시 안녕남로,158
604,인천광역시 서구 정서진로,159
759,인천광역시 서구 정서진로,159
869,경기도 용인시 처인구 포곡읍 성산로,160
652,인천광역시 연수구 송도문화로,162
890,인천광역시 연수구 송도문화로,162
550,충청북도 청주시 상당구 수암로,164
122,인천광역시 연수구 송도미래로,166
47,대전광역시 유성구 죽동로,172
93,대전광역시 유성구 배울1로,181
895,제주특별자치도 제주시 신광로,188
370,부산광역시 사상구 모덕로95번길,189
16,충청남도 아산시 음봉면 월암로436번길,190
52,세종특별자치시 세종시 나성로,190
107,광주광역시 남구 송암로,191
460,전라북도 전주시 완산구 팔달로,192
32,대구광역시 북구 오봉로,195
79,대구광역시 달서구 달구벌대로,195
141,전라북도 전주시 덕진구 반룡로,195
529,부산광역시 북구 만덕3로16번길,195
421,제주특별자치도 제주시 중앙로,197
451,충청남도 아산시 배방읍 희망로46번길,198
2,대구광역시 수성구 알파시티1로31길,199
91,전라북도 전주시 덕진구 오공로,206
231,제주특별자치도 제주시 첨단로,212
51,대구광역시 북구 칠곡중앙대로,213
767,제주특별자치도 제주시 애조로,213
330,충청북도 청주시 흥덕구 오송읍 오송생명로,214
117,전라북도 전주시 완산구 홍산남로,216
194,전라북도 전주시 완산구 홍산남로,216
353,부산광역시 연제구 고분로,216
411,제주특별자치도 제주시 첨단로8길,221
205,울산광역시 울주군 청량읍 율리영해1길,226
119,부산광역시 해운대구 센텀중앙로,231
97,부산광역시 해운대구 센텀서로,234
116,충청북도 청주시 청원구 오창읍 과학산업3로,238
676,충청북도 충주시 중앙로,240
50,대전광역시 유성구 테크노4로,254
344,경상남도 진주시 동부로169번길,271
695,경상남도 진주시 에나로,283
703,경상남도 진주시 정촌면 뿌리산단로,297
